,,NTA,YTA
0,Count,3708.0,1607.0
1,Ratio,0.6976481655691439,0.30235183443085606
