,nta_agreement,yta_agreement
3.0,0.9377022653721683,0.8742999377722465
2.0,0.04773462783171521,0.08151835718730553
1.0,0.01348435814455232,0.04107031736154325
0.0,0.0010787486515641855,0.0031113876789047915
