,,YTA,NTA
0,Count,1607.0,3708.0
1,Ratio,0.30235183443085606,0.6976481655691439
