,metric,value
0,Accuracy,0.7857142857142857
1,precision,0.8875192604006163
2,recall,0.7879616963064295
3,f1-score,0.8347826086956521
4,Matthews Correlation Coefficient (MCC),0.5406921615765138
